
<available>
  <plugin name="Registration" latest="1.5.0" changelog="http://www.igniterealtime.org/projects/openfire/plugins/registration/changelog.html" url="http://www.igniterealtime.org/projects/openfire/plugins/registration.jar" author="Ryan Graham" description="Performs various actions whenever a new user account is created." icon="http://www.igniterealtime.org/projects/openfire/plugins/cache/registration.gif" minServerVersion="3.7.0" readme="http://www.igniterealtime.org/projects/openfire/plugins/registration/readme.html" fileSize="26897"/> 
  <plugin name="Search" latest="1.5.1" changelog="http://www.igniterealtime.org/projects/openfire/plugins/search/changelog.html" url="http://www.igniterealtime.org/projects/openfire/plugins/search.jar" author="Ryan Graham" description="Provides support for Jabber Search (XEP-0055)" icon="http://www.igniterealtime.org/projects/openfire/plugins/cache/search.gif" minServerVersion="3.7.0" readme="http://www.igniterealtime.org/projects/openfire/plugins/search/readme.html" fileSize="32029"/> 
  <plugin name="Kraken IM Gateway" latest="1.1.3" changelog="http://www.igniterealtime.org/projects/openfire/plugins/kraken/changelog.html" url="http://www.igniterealtime.org/projects/openfire/plugins/kraken.jar" author="Daniel Henninger" description="Provides gateway connectivity to the other public instant messaging networks" icon="http://www.igniterealtime.org/projects/openfire/plugins/cache/kraken.gif" minServerVersion="3.6.0" readme="http://www.igniterealtime.org/projects/openfire/plugins/kraken/readme.html" licenseType="gpl" fileSize="1584818"/> 
  <plugin name="Debugger Plugin" latest="1.2" changelog="http://www.igniterealtime.org/projects/openfire/plugins/xmldebugger/changelog.html" url="http://www.igniterealtime.org/projects/openfire/plugins/xmldebugger.jar" author="Jive Software" description="Prints XML traffic to the stdout (raw and interpreted XML)" minServerVersion="3.5.0" readme="http://www.igniterealtime.org/projects/openfire/plugins/xmldebugger/readme.html" fileSize="8238"/> 
  <plugin name="Presence Service" latest="1.5.1" changelog="http://www.igniterealtime.org/projects/openfire/plugins/presence/changelog.html" url="http://www.igniterealtime.org/projects/openfire/plugins/presence.jar" author="Jive Software" description="Exposes presence information through HTTP." icon="http://www.igniterealtime.org/projects/openfire/plugins/cache/presence.gif" minServerVersion="3.7.0" readme="http://www.igniterealtime.org/projects/openfire/plugins/presence/readme.html" fileSize="18201"/> 
  <plugin name="Content Filter" latest="1.6.1" changelog="http://www.igniterealtime.org/projects/openfire/plugins/contentfilter/changelog.html" url="http://www.igniterealtime.org/projects/openfire/plugins/contentFilter.jar" author="Conor Hayes" description="Scans message packets for defined patterns" icon="http://www.igniterealtime.org/projects/openfire/plugins/cache/contentfilter.gif" minServerVersion="3.7.0" readme="http://www.igniterealtime.org/projects/openfire/plugins/contentfilter/readme.html" fileSize="17527"/> 
  <plugin name="Email Listener" latest="1.0.2" changelog="http://www.igniterealtime.org/projects/openfire/plugins/emaillistener/changelog.html" url="http://www.igniterealtime.org/projects/openfire/plugins/emailListener.jar" author="Jive Software" description="Listens for emails and sends alerts to specific users." icon="http://www.igniterealtime.org/projects/openfire/plugins/cache/emaillistener.gif" minServerVersion="3.5.0" readme="http://www.igniterealtime.org/projects/openfire/plugins/emaillistener/readme.html" fileSize="13113"/> 
  <plugin name="SIP Phone Plugin" latest="1.0.6" changelog="http://www.igniterealtime.org/projects/openfire/plugins/sip/changelog.html" url="http://www.igniterealtime.org/projects/openfire/plugins/sip.jar" author="Ignite Realtime" description="Provides support for SIP account management" icon="http://www.igniterealtime.org/projects/openfire/plugins/cache/sip.gif" minServerVersion="3.7.0" readme="http://www.igniterealtime.org/projects/openfire/plugins/sip/readme.html" fileSize="192647"/> 
  <plugin name="Load Statistic" latest="1.1.0" changelog="http://www.igniterealtime.org/projects/openfire/plugins/loadstats/changelog.html" url="http://www.igniterealtime.org/projects/openfire/plugins/loadStats.jar" author="Jive Software" description="Logs load statistics to a file" icon="http://www.igniterealtime.org/projects/openfire/plugins/cache/loadstats.gif" minServerVersion="3.3.0" readme="http://www.igniterealtime.org/projects/openfire/plugins/loadstats/readme.html" fileSize="8455"/> 
  <plugin name="Fastpath Webchat" latest="4.0.0" changelog="http://www.igniterealtime.org/projects/openfire/plugins/webchat/changelog.html" url="http://www.igniterealtime.org/projects/openfire/plugins/webchat.war" author="Jive Software" description="Web based chat client for Fastpath." icon="http://www.igniterealtime.org/projects/openfire/plugins/cache/webchat.gif" minServerVersion="3.5.0" readme="http://www.igniterealtime.org/projects/openfire/plugins/webchat/readme.html" fileSize="2231993"/> 
  <plugin name="GoJara" latest="1.2.2 Alpha" url="http://www.igniterealtime.org/projects/openfire/plugins/gojara.jar" author="Holger Bergunde and Daniel Henninger" description="ProtoXEP-xxxx: Remote Roster Management support" minServerVersion="3.7.0" fileSize="212913"/> 
  <plugin name="Client Control" latest="1.1.0" changelog="http://www.igniterealtime.org/projects/openfire/plugins/clientcontrol/changelog.html" url="http://www.igniterealtime.org/projects/openfire/plugins/clientControl.jar" author="Jive Software" description="Controls clients allowed to connect and available features" icon="http://www.igniterealtime.org/projects/openfire/plugins/cache/clientcontrol.gif" minServerVersion="3.7.0" readme="http://www.igniterealtime.org/projects/openfire/plugins/clientcontrol/readme.html" fileSize="102487"/> 
  <plugin name="STUN server plugin" latest="1.0.0" changelog="http://www.igniterealtime.org/projects/openfire/plugins/stunserver/changelog.html" url="http://www.igniterealtime.org/projects/openfire/plugins/stunserver.jar" author="Ignite Realtime" description="Adds STUN functionality to Openfire" icon="http://www.igniterealtime.org/projects/openfire/plugins/cache/stunserver.gif" minServerVersion="3.5.0" readme="http://www.igniterealtime.org/projects/openfire/plugins/stunserver/readme.html" fileSize="43382"/> 
  <plugin name="Hazelcast Clustering Plugin" latest="1.0.6" changelog="http://www.igniterealtime.org/projects/openfire/plugins/hazelcast/changelog.html" url="http://www.igniterealtime.org/projects/openfire/plugins/hazelcast.jar" author="Tom Evans" description="Clustering support for Openfire, powered by Hazelcast." icon="http://www.igniterealtime.org/projects/openfire/plugins/cache/hazelcast.gif" minServerVersion="3.8.2" readme="http://www.igniterealtime.org/projects/openfire/plugins/hazelcast/readme.html" fileSize="499270"/> 
  <plugin name="Monitoring Service" latest="1.3.1-rc1" changelog="http://www.igniterealtime.org/projects/openfire/plugins/monitoring/changelog.html" url="http://www.igniterealtime.org/projects/openfire/plugins/monitoring.jar" author="Jive Software" description="Monitors conversations and statistics of the server." icon="http://www.igniterealtime.org/projects/openfire/plugins/cache/monitoring.gif" minServerVersion="3.6.0" readme="http://www.igniterealtime.org/projects/openfire/plugins/monitoring/readme.html" fileSize="1543884"/> 
  <plugin name="MotD (Message of the Day)" latest="1.0.4" changelog="http://www.igniterealtime.org/projects/openfire/plugins/motd/changelog.html" url="http://www.igniterealtime.org/projects/openfire/plugins/motd.jar" author="Ryan Graham" description="Allows admins to have a message sent to users each time they log in." icon="http://www.igniterealtime.org/projects/openfire/plugins/cache/motd.gif" minServerVersion="3.5.0" readme="http://www.igniterealtime.org/projects/openfire/plugins/motd/readme.html" fileSize="12228"/> 
  <plugin name="Asterisk-IM Openfire Plugin" latest="1.4.0" changelog="http://www.igniterealtime.org/projects/openfire/plugins/asterisk-im/changelog.html" url="http://www.igniterealtime.org/projects/openfire/plugins/asterisk-im.jar" author="Jive Software" description="Integration for Asterisk and Openfire." icon="http://www.igniterealtime.org/projects/openfire/plugins/cache/asterisk-im.gif" minServerVersion="3.4.1" readme="http://www.igniterealtime.org/projects/openfire/plugins/asterisk-im/readme.html" fileSize="436202"/> 
  <plugin name="User Creation" latest="1.1" url="http://www.igniterealtime.org/projects/openfire/plugins/userCreation.jar" author="Jive Software" description="Creates users and populates rosters." minServerVersion="3.3.0" fileSize="11231"/> 
  <plugin name="User Service" latest="1.3.3" changelog="http://www.igniterealtime.org/projects/openfire/plugins/userservice/changelog.html" url="http://www.igniterealtime.org/projects/openfire/plugins/userservice.jar" author="Justin Hunt" description="Allows administration of users via HTTP requests." icon="http://www.igniterealtime.org/projects/openfire/plugins/cache/userservice.gif" minServerVersion="3.5.1" readme="http://www.igniterealtime.org/projects/openfire/plugins/userservice/readme.html" fileSize="16148"/> 
  <plugin name="Broadcast" latest="1.8.2" changelog="http://www.igniterealtime.org/projects/openfire/plugins/broadcast/changelog.html" url="http://www.igniterealtime.org/projects/openfire/plugins/broadcast.jar" author="Jive Software" description="Broadcasts messages to users." icon="http://www.igniterealtime.org/projects/openfire/plugins/cache/broadcast.gif" minServerVersion="3.7.0" readme="http://www.igniterealtime.org/projects/openfire/plugins/broadcast/readme.html" fileSize="9776"/> 
  <plugin name="Jingle Nodes Plugin" latest="0.0.3" changelog="http://www.igniterealtime.org/projects/openfire/plugins/jinglenodes/changelog.html" url="http://www.igniterealtime.org/projects/openfire/plugins/jingleNodes.jar" author="Jingle Nodes (Rodrigo Martins)" description="Provides support for Jingle Nodes" icon="http://www.igniterealtime.org/projects/openfire/plugins/cache/jinglenodes.gif" minServerVersion="3.7.0" readme="http://www.igniterealtime.org/projects/openfire/plugins/jinglenodes/readme.html" fileSize="35692"/> 
  <plugin name="Just married" latest="1.0.1" changelog="http://www.igniterealtime.org/projects/openfire/plugins/justmarried/changelog.html" url="http://www.igniterealtime.org/projects/openfire/plugins/justmarried.jar" author="Holger Bergunde" description="Allows admins to rename or copy users" minServerVersion="3.3.0" readme="http://www.igniterealtime.org/projects/openfire/plugins/justmarried/readme.html" fileSize="132627"/> 
  <plugin name="User Import Export" latest="2.3.1" changelog="http://www.igniterealtime.org/projects/openfire/plugins/userimportexport/changelog.html" url="http://www.igniterealtime.org/projects/openfire/plugins/userImportExport.jar" author="Ryan Graham" description="Enables import and export of user data" icon="http://www.igniterealtime.org/projects/openfire/plugins/cache/userimportexport.gif" minServerVersion="3.7.0" readme="http://www.igniterealtime.org/projects/openfire/plugins/userimportexport/readme.html" fileSize="287260"/> 
  <plugin name="Subscription" latest="1.2.2" changelog="http://www.igniterealtime.org/projects/openfire/plugins/subscription/changelog.html" url="http://www.igniterealtime.org/projects/openfire/plugins/subscription.jar" author="Ryan Graham" description="Automatically accepts or rejects subsription requests" icon="http://www.igniterealtime.org/projects/openfire/plugins/cache/subscription.gif" minServerVersion="3.5.0" readme="http://www.igniterealtime.org/projects/openfire/plugins/subscription/readme.html" fileSize="14551"/> 
  <plugin name="Clustering Plugin" latest="1.2.3" changelog="http://www.igniterealtime.org/projects/openfire/plugins/clustering/changelog.html" url="http://www.igniterealtime.org/projects/openfire/plugins/clustering.jar" author="Jive Software" description="Clustering support for Openfire." icon="http://www.igniterealtime.org/projects/openfire/plugins/cache/clustering.gif" minServerVersion="3.7.2" readme="http://www.igniterealtime.org/projects/openfire/plugins/clustering/readme.html" fileSize="60646"/> 
  <plugin name="DB Access" latest="1.0.0" changelog="http://www.igniterealtime.org/projects/openfire/plugins/dbaccess/changelog.html" url="http://www.igniterealtime.org/projects/openfire/plugins/dbaccess.jar" author="Daniel Henninger" description="Provides administrators with a simple direct access interface to their Openfire DB." icon="http://www.igniterealtime.org/projects/openfire/plugins/cache/dbaccess.gif" minServerVersion="3.0.0" readme="http://www.igniterealtime.org/projects/openfire/plugins/dbaccess/readme.html" fileSize="6748"/> 
  <plugin name="Packet Filter" latest="3.0.1" changelog="http://www.igniterealtime.org/projects/openfire/plugins/packetfilter/changelog.html" url="http://www.igniterealtime.org/projects/openfire/plugins/packetFilter.jar" author="Nate Putnam" description="Rules to enforce ethical communication" icon="http://www.igniterealtime.org/projects/openfire/plugins/cache/packetfilter.gif" minServerVersion="3.7.0" readme="http://www.igniterealtime.org/projects/openfire/plugins/packetfilter/readme.html" fileSize="59065"/> 
  <plugin name="Fastpath Service" latest="4.2.0" changelog="http://www.igniterealtime.org/projects/openfire/plugins/fastpath/changelog.html" url="http://www.igniterealtime.org/projects/openfire/plugins/fastpath.jar" author="Jive Software" description="Support for managed queued chat requests, such as a support team might use." icon="http://www.igniterealtime.org/projects/openfire/plugins/cache/fastpath.gif" minServerVersion="3.7.0" readme="http://www.igniterealtime.org/projects/openfire/plugins/fastpath/readme.html" fileSize="416074"/>
</available>